headword,pos,cefr_level,translation_uz,translation_ru,definition_en,ipa,frequency_rank,category,example_en,example_uz,example_ru,synonyms,antonyms
abstemious,adjective,C2,o‘zini tiya oladigan,умеренный,not allowing yourself too much food or pleasure,æbˈstiːmiəs,,advanced,His abstemious lifestyle surprised his friends.,Uning o‘zini tiya oladigan hayot tarzi do‘stlarini hayratga soldi.,,moderate | restrained,excessive | indulgent
acclivity,noun,C2,tepalikka ko‘tarilish,подъем,an upward slope or rise,əˈklɪvəti,,advanced,The road became an acclivity near the village.,Yo‘l qishloq yonida tepalikka ko‘tarilishga aylandi.,,slope | ascent,decline | descent
adroitly,adverb,C2,chaqqonlik bilan,ловко,in a skilful and clever way,əˈdrɔɪtli,,advanced,She adroitly handled the difficult question.,U qiyin savolni chaqqonlik bilan uddaladi.,,skilfully | deftly,clumsily | awkwardly
aegis,noun,C2,homiylik,покровительство,protection or support from an authority,ˈiːdʒɪs,,advanced,The project continued under the aegis of the university.,Loyiha universitet homiyligi ostida davom etdi.,,protection | patronage,exposure | opposition
anodyne,adjective,C2,bezovta qilmaydigan,безвредный,intended to avoid offence or strong reaction,ˈænədaɪn,,advanced,The speaker gave an anodyne response to the criticism.,Ma’ruzachi tanqidga bezovta qilmaydigan javob berdi.,,harmless | bland,provocative | sharp
antediluvian,adjective,C2,juda eskirgan,допотопный,extremely old-fashioned,ˌæntidɪˈluːviən,,advanced,That antediluvian system slows everyone down.,O‘sha juda eskirgan tizim hammani sekinlashtiradi.,,outdated | archaic,modern | current
aphorism,noun,C2,qisqa hikmatli ibora,афоризм,a short clever saying about life,ˈæfərɪzəm,,advanced,The essay begins with a memorable aphorism.,Insho esda qolarli qisqa hikmatli ibora bilan boshlanadi.,,maxim | saying,nonsense | ramble
apportion,verb,C2,taqsimlamoq,распределять,to divide and share something,əˈpɔːʃən,,advanced,The committee will apportion the funds fairly.,Qo‘mita mablag‘larni adolatli taqsimlaydi.,,allocate | distribute,withhold | combine
approbation,noun,C2,ma’qullash,одобрение,formal approval or praise,ˌæprəˈbeɪʃən,,advanced,Her proposal received public approbation.,Uning taklifi jamoatchilik ma’qullashini oldi.,,approval | praise,disapproval | criticism
arrogate,verb,C2,nohaq o‘zlashtirmoq,присваивать,to take power without the right,ˈærəɡeɪt,,advanced,No leader should arrogate authority illegally.,Hech bir rahbar hokimiyatni nohaq o‘zlashtirmasligi kerak.,,appropriate | seize,surrender | relinquish
attenuate,verb,C2,susaytirmoq,ослаблять,to reduce the force or effect of something,əˈtenjueɪt,,advanced,Better planning can attenuate the risks.,Yaxshi rejalash xatarlarni susaytirishi mumkin.,,weaken | reduce,strengthen | intensify
avuncular,adjective,C2,amakidek mehribon,дядюшкин,kind in the manner of an uncle,əˈvʌŋkjələ,,advanced,He spoke in an avuncular tone.,U mehribon amaki kabi ohangda gapirdi.,,kind | paternal,hostile | cold
bellicose,adjective,C2,janjalkash,воинственный,ready to fight or argue,ˈbelɪkəʊs,,advanced,The bellicose statement alarmed diplomats.,Janjalkash bayonot diplomatlarni xavotirga soldi.,,aggressive | hostile,peaceful | calm
bromide,noun,C2,siyqasi chiqqan gap,банальность,a boring and unoriginal remark,ˈbrəʊmaɪd,,advanced,His speech was full of bromide and empty praise.,Uning nutqi siyqasi chiqqan gap va bo‘sh maqtovga to‘la edi.,,cliche | platitude,insight | originality
burnish,verb,C2,sayqallamoq,полировать,to polish or improve something,ˈbɜːnɪʃ,,advanced,The award will burnish her reputation.,Mukofot uning obro‘sini sayqallaydi.,,polish | enhance,tarnish | damage
canard,noun,C2,yolg‘on mish-mish,ложная утка,a false report or belief,kəˈnɑːd,,advanced,The rumour was just a canard.,Mish-mish shunchaki yolg‘on gap edi.,,hoax | falsehood,fact | truth
chary,adjective,C2,ehtiyotkor,осторожный,cautious and unwilling to take risks,ˈtʃeəri,,advanced,Investors remain chary of sudden promises.,Investorlar kutilmagan va’dalardan ehtiyotkor bo‘lib turibdi.,,cautious | wary,reckless | careless
conflagration,noun,C2,katta yong‘in,пожар,a large destructive fire,ˌkɒnfləˈɡreɪʃən,,advanced,The conflagration destroyed several warehouses.,Katta yong‘in bir nechta omborni vayron qildi.,,fire | blaze,extinction | calm
contumely,noun,C2,haqorat va tahqir,оскорбление,rude and insulting treatment,ˈkɒntjuːməli,,advanced,She endured contumely with quiet dignity.,U haqoratli munosabatga vazminlik bilan chidadi.,,insult | abuse,respect | honour
convivial,adjective,C2,xushchaqchaq,дружелюбный,friendly and cheerful,kənˈvɪviəl,,advanced,The dinner had a convivial atmosphere.,Kechki ovqatda xushchaqchaq muhit bor edi.,,sociable | cheerful,gloomy | unfriendly
cupidity,noun,C2,ochko‘zlik,алчность,strong desire for wealth,kjuːˈpɪdəti,,advanced,Cupidity led him to make reckless deals.,Ochko‘zlik uni xatarli bitimlarga boshladi.,,greed | avarice,generosity | restraint
defenestrate,verb,C2,derazadan uloqtirmoq,выбросить из окна,to throw someone or something out of a window,diːˈfenɪstreɪt,,advanced,The rebels threatened to defenestrate the corrupt official.,Isyonchilar poraxo‘r amaldorni derazadan uloqtirish bilan qo‘rqitdi.,,throw | eject,admit | keep
demur,verb,C2,e’tiroz bildirmoq,возразить,to raise doubts or objections,dɪˈmɜː,,advanced,She did not demur when the rule changed.,Qoida o‘zgarganda u e’tiroz bildirmadi.,,object | protest,accept | agree
desuetude,noun,C2,iste’moldan chiqish,забвение,a state of no longer being used,ˈdeswɪtjuːd,,advanced,The custom fell into desuetude over time.,Bu odat vaqt o‘tib iste’moldan chiqdi.,,disuse | neglect,use | practice
efface,verb,C2,o‘chirib tashlamoq,стереть,to remove or make less noticeable,ɪˈfeɪs,,advanced,Time can efface painful memories.,Vaqt og‘riqli xotiralarni o‘chirib tashlashi mumkin.,,erase | remove,preserve | highlight
effrontery,noun,C2,uyatsiz jur’at,наглость,rude confidence that shocks others,ɪˈfrʌntəri,,advanced,His effrontery shocked the interview panel.,Uning uyatsiz jur’ati suhbat komissiyasini hayratga soldi.,,boldness | insolence,modesty | humility
encomium,noun,C2,rasmiy maqtov,хвалебная речь,a formal expression of praise,enˈkəʊmiəm,,advanced,The professor delivered an encomium for the researcher.,Professor tadqiqotchiga rasmiy maqtov bildirdi.,,tribute | praise,criticism | blame
epistolary,adjective,C2,maktubga oid,эпистолярный,related to letters or writing,ɪˈpɪstələri,,advanced,The novel has an epistolary structure.,Romanning tuzilishi maktublarga asoslangan.,,letter based | written,spoken | oral
equanimity,noun,C2,vazminlik,невозмутимость,calmness under pressure,ˌekwəˈnɪməti,,advanced,She handled the crisis with equanimity.,U inqirozni vazminlik bilan boshqardi.,,calmness | composure,panic | anxiety
ersatz,adjective,C2,sun’iy o‘rinbosar,искусственный заменитель,not genuine but used as a substitute,ˈeəzæts,,advanced,The cafe served ersatz coffee during shortages.,Ta’minot tanqisligida kafe sun’iy o‘rinbosar qahva berdi.,,fake | substitute,genuine | authentic
exegesis,noun,C2,batafsil sharh,толкование,a detailed explanation of a text,ˌeksɪˈdʒiːsɪs,,advanced,Her exegesis clarified the ancient poem.,Uning batafsil sharhi qadimiy she’rni tushuntirdi.,,interpretation | analysis,summary | confusion
extirpate,verb,C2,ildizi bilan yo‘q qilmoq,искоренить,to destroy completely,ˈekstəpeɪt,,advanced,The campaign aims to extirpate corruption.,Kampaniya korrupsiyani ildizi bilan yo‘q qilishni maqsad qiladi.,,eradicate | eliminate,preserve | maintain
fulsome,adjective,C2,haddan tashqari maqtovli,чрезмерно льстивый,excessive and insincere in praise,ˈfʊlsəm,,advanced,The fulsome apology sounded dishonest.,Haddan tashqari maqtovli kechirim samimiy tuyulmadi.,,excessive | flattering,sincere | restrained
gainsay,verb,C2,inkor etmoq,отрицать,to deny or contradict,ˌɡeɪnˈseɪ,,advanced,No one can gainsay the evidence.,Hech kim dalilni inkor eta olmaydi.,,deny | dispute,confirm | accept
gambit,noun,C2,strategik yurish,ход,a planned action to gain advantage,ˈɡæmbɪt,,advanced,Her opening gambit impressed the board.,Uning dastlabki strategik yurishi kengashni qoyil qoldirdi.,,tactic | move,reaction | retreat
garrulity,noun,C2,sergaplik,болтливость,the habit of talking too much,ɡəˈruːləti,,advanced,His garrulity made the meeting longer.,Uning sergapligi yig‘ilishni cho‘zdi.,,talkativeness | verbosity,silence | brevity
germane,adjective,C2,aloqador,уместный,relevant to the subject,dʒɜːˈmeɪn,,advanced,Only germane evidence should be included.,Faqat mavzuga aloqador dalillar kiritilishi kerak.,,relevant | applicable,irrelevant | unrelated
glib,adjective,C2,yuzaki gapdon,бойкий но поверхностный,fluent but not sincere or careful,ɡlɪb,,advanced,His glib answer failed to convince us.,Uning yuzaki gapdon javobi bizni ishontirmadi.,,slick | superficial,thoughtful | sincere
gossamer,adjective,C2,juda nafis,тонкий как паутина,very light and delicate,ˈɡɒsəmə,,advanced,A gossamer curtain moved in the breeze.,Juda nafis parda shabadada qimirladi.,,delicate | light,heavy | coarse
grandiloquent,adjective,C2,balandparvoz,напыщенный,using impressive but exaggerated language,ɡrænˈdɪləkwənt,,advanced,The mayor made a grandiloquent speech.,Hokim balandparvoz nutq so‘zladi.,,pompous | ornate,plain | simple
harangue,verb,C2,uzoq koyib gapirmoq,разглагольствовать,to lecture someone angrily,həˈræŋ,,advanced,The coach began to harangue the players.,Murabbiy o‘yinchilarni uzoq koyib gapira boshladi.,,lecture | scold,praise | comfort
impugn,verb,C2,shubha ostiga qo‘ymoq,оспаривать,to question someone’s honesty or validity,ɪmˈpjuːn,,advanced,The lawyer tried to impugn the witness.,Advokat guvohning ishonchliligini shubha ostiga qo‘ymoqchi bo‘ldi.,,challenge | dispute,support | confirm
inchoate,adjective,C2,hali shakllanmagan,зачаточный,not fully developed yet,ɪnˈkəʊət,,advanced,The plan remains inchoate and vague.,Reja hali shakllanmagan va noaniq.,,undeveloped | vague,mature | complete
jejune,adjective,C2,sodda va mazmunsiz,незрелый,"too simple, naive, or lacking substance",dʒɪˈdʒuːn,,advanced,The review dismissed the film as jejune.,Sharh filmni mazmunsiz deb rad etdi.,,naive | shallow,mature | profound
limpid,adjective,C2,tiniq,ясный,clear and easy to understand,ˈlɪmpɪd,,advanced,Her limpid explanation helped the class.,Uning tiniq tushuntirishi sinfga yordam berdi.,,clear | lucid,confusing | muddy
lugubrious,adjective,C2,g‘amgin,мрачный,looking or sounding very sad,lʊˈɡuːbriəs,,advanced,He spoke in a lugubrious voice.,U g‘amgin ovozda gapirdi.,,mournful | gloomy,cheerful | bright
mawkish,adjective,C2,haddan tashqari hissiyotli,приторный,too emotional in an unpleasant way,ˈmɔːkɪʃ,,advanced,The ending felt mawkish and forced.,Yakun haddan tashqari hissiyotli va majburiy tuyuldi.,,sentimental | sugary,restrained | dry
abeyance,noun,C2,vaqtincha to‘xtatib turish,приостановка,a temporary pause or suspension,əˈbeɪəns,,advanced,The rule remains in abeyance until Monday.,Qoida dushanbagacha vaqtincha to‘xtatib turiladi.,,suspension | pause,continuation | activity
abject,adjective,C2,ayanchli,жалкий,extremely bad or hopeless,ˈæbdʒekt,,advanced,They lived in abject poverty.,Ular ayanchli qashshoqlikda yashashdi.,,miserable | wretched,proud | prosperous
abnegate,verb,C2,voz kechmoq,отречься,to give up a right or desire,ˈæbnɪɡeɪt,,advanced,Leaders should not abnegate responsibility.,Rahbarlar mas’uliyatdan voz kechmasligi kerak.,,renounce | surrender,claim | keep
abscission,noun,C2,ajralib tushish,отсечение,the act of cutting off or separation,æbˈsɪʒən,,advanced,Leaf abscission happens in autumn.,Barglarning ajralib tushishi kuzda sodir bo‘ladi.,,separation | cutting,attachment | union
acerbic,adjective,C2,achchiq kinoyali,язвительный,sharp and critical in tone,əˈsɜːbɪk,,advanced,Her acerbic comment silenced the room.,Uning achchiq kinoyali izohi xonani jim qildi.,,biting | caustic,kind | gentle
acidulous,adjective,C2,nordon kinoyali,кисловатый и язвительный,slightly sour or sharply critical,əˈsɪdjʊləs,,advanced,He gave an acidulous reply to the proposal.,U taklifga nordon kinoyali javob berdi.,,sour | sharp,sweet | mild
acme,noun,C2,eng yuqori cho‘qqi,вершина,the highest point of achievement,ˈækmi,,advanced,The novel is the acme of her career.,Roman uning faoliyatidagi eng yuqori cho‘qqidir.,,peak | summit,depth | bottom
acquisitive,adjective,C2,mol-dunyo orttirishga o‘ch,стяжательный,strongly wanting to get more things,əˈkwɪzətɪv,,advanced,An acquisitive culture can damage trust.,Molparast madaniyat ishonchga zarar yetkazishi mumkin.,,greedy | grasping,generous | selfless
adamantine,adjective,C2,egilmas,твердый как алмаз,extremely hard or unbreakable,ˌædəˈmæntaɪn,,advanced,She showed adamantine resolve under pressure.,U bosim ostida egilmas qat’iyat ko‘rsatdi.,,unyielding | hard,flexible | soft
adjunct,noun,C1,qo‘shimcha qism,дополнение,something added but not essential,ˈædʒʌŋkt,,advanced,The lab is an adjunct to the main course.,Laboratoriya asosiy kursga qo‘shimcha qismdir.,,addition | supplement,core | necessity
adumbrate,verb,C2,xomaki tasvirlamoq,намечать,to outline something roughly,ˈædʌmbreɪt,,advanced,The report will adumbrate future risks.,Hisobot kelajakdagi xatarlarni xomaki tasvirlaydi.,,outline | sketch,detail | complete
aesthete,noun,C2,go‘zallik shinavandasi,эстет,a person who loves art and beauty,ˈiːsθiːt,,advanced,An aesthete notices small details in design.,Go‘zallik shinavandasi dizayndagi mayda jihatlarni sezadi.,,connoisseur | art lover,philistine | boor
akimbo,adverb,C1,qo‘llar belda,руки в боки,with hands on hips and elbows out,əˈkɪmbəʊ,,advanced,She stood with her arms akimbo at the door.,U eshik oldida qo‘llarini beliga tirab turdi.,,arms out | angled,straight | relaxed
allegory,noun,C1,ramziy hikoya,аллегория,a story with a hidden moral meaning,ˈælɪɡəri,,advanced,The film works as an allegory of greed.,Film ochko‘zlik haqida ramziy hikoya sifatida ishlaydi.,,symbolism | parable,literalness | realism
amatory,adjective,C2,ishqiy,любовный,related to romantic love,ˈamətəri,,advanced,The poet wrote amatory verses.,Shoir ishqiy she’rlar yozdi.,,romantic | loving,hostile | cold
amenable,adjective,C1,ko‘nuvchan,уступчивый,willing to accept advice or change,əˈmiːnəbl,,advanced,The team is amenable to feedback.,Jamoa fikr mulohazani qabul qilishga tayyor.,,receptive | willing,stubborn | resistant
anarchic,adjective,C1,tartibsiz,анархичный,without order or control,əˈnɑːkɪk,,advanced,The meeting became anarchic after the vote.,Ovoz berishdan keyin yig‘ilish tartibsiz bo‘lib ketdi.,,chaotic | lawless,ordered | controlled
ancillary,adjective,C1,yordamchi,вспомогательный,providing support to the main thing,ænˈsɪləri,,advanced,Ancillary services improve patient care.,Yordamchi xizmatlar bemor parvarishini yaxshilaydi.,,supporting | auxiliary,main | central
anfractuous,adjective,C2,egri-bugri,извилистый,full of twists and turns,ænˈfræktʃuəs,,advanced,The path was anfractuous and narrow.,Yo‘l egri bugri va tor edi.,,winding | twisted,straight | direct
animadversion,noun,C2,keskin tanqid,резкое замечание,a critical remark or comment,ˌænɪmædˈvɜːʃən,,advanced,The policy drew public animadversion.,Siyosat jamoatchilikning keskin tanqidiga uchradi.,,criticism | rebuke,praise | approval
anomalous,adjective,C2,g‘ayrioddiy,аномальный,different from what is normal,əˈnɒmələs,,advanced,The anomalous result confused researchers.,G‘ayrioddiy natija tadqiqotchilarni chalg‘itdi.,,abnormal | irregular,normal | typical
anomie,noun,C2,ijtimoiy me’yor yo‘qligi,аномия,a lack of social norms or stability,ˈænəmi,,advanced,Rapid change can produce anomie.,Tez o‘zgarish ijtimoiy me’yor yo‘qligini keltirishi mumkin.,,normlessness | alienation,order | stability
anthropocentric,adjective,C2,insonni markazga qo‘yadigan,антропоцентричный,focused mainly on humans,ˌænθrəpəʊˈsentrɪk,,advanced,The theory is deeply anthropocentric.,Nazariya kuchli darajada insonga markazlangan.,,human centred | human focused,ecocentric | nonhuman
apathy,noun,C1,loqaydlik,апатия,lack of interest or emotion,ˈæpəθi,,advanced,Political apathy worries many teachers.,Siyosiy loqaydlik ko‘p o‘qituvchilarni xavotirga soladi.,,indifference | passivity,interest | passion
apogee,noun,C2,eng yuqori nuqta,апогей,the highest point of development,ˈæpədʒiː,,advanced,The speech marked the apogee of his career.,Nutq uning faoliyatidagi eng yuqori nuqtani belgiladi.,,peak | zenith,nadir | low point
apostate,noun,C2,e’tiqodidan voz kechgan odam,отступник,a person who abandons a belief,əˈpɒsteɪt,,advanced,The apostate criticised his old movement.,E’tiqodidan voz kechgan odam eski harakatini tanqid qildi.,,renegade | defector,believer | loyalist
apothegm,noun,C2,hikmatli gap,изречение,a short wise saying,ˈapəθem,,advanced,The teacher quoted an old apothegm.,O‘qituvchi eski hikmatli gapni keltirdi.,,maxim | saying,ramble | nonsense
apotheosis,noun,C2,mukammal timsol,апофеоз,the highest or most perfect example of something,əˌpɒθiˈəʊsɪs,,advanced,The building is the apotheosis of modern design.,Bino zamonaviy dizaynning oliy namunasidir.,,ideal | peak,decline | failure
appurtenance,noun,C2,tegishli jihoz yoki qo‘shimcha,принадлежность,something that belongs to something else,əˈpɜːtɪnəns,,advanced,The garage is an appurtenance of the house.,Garaj uyning tegishli qo‘shimchasidir.,,accessory | attachment,main part | core
ardor,noun,C2,jo‘shqin ishtiyoq,пыл,strong enthusiasm or passion,ˈɑːdə,,advanced,She defended the idea with ardor.,U g‘oyani jo‘shqin ishtiyoq bilan himoya qildi.,,passion | zeal,apathy | indifference
arraign,verb,C2,rasmiy ayblamoq,предъявить обвинение,to formally accuse in court,əˈreɪn,,advanced,The court will arraign the suspect tomorrow.,Sud gumondorni ertaga rasmiy ayblaydi.,,charge | accuse,acquit | free
asperse,verb,C2,tuhmat qilmoq,чернить,to attack someone’s reputation,əˈspɜːs,,advanced,Do not asperse her character without proof.,Dalilsiz uning sha’niga tuhmat qilmang.,,slander | defame,praise | defend
assail,verb,C1,qattiq hujum qilmoq,нападать,to attack strongly,əˈseɪl,,advanced,Critics assail the plan every week.,Tanqidchilar rejaga har hafta qattiq hujum qiladi.,,attack | criticise,defend | praise
atavistic,adjective,C2,qadimiy instinktga oid,атавистический,related to ancient primitive behaviour,ˌætəˈvɪstɪk,,advanced,His atavistic fear appeared in the dark.,Qorong‘ida uning qadimiy instinktga oid qo‘rquvi paydo bo‘ldi.,,primitive | ancestral,modern | advanced
atrabilious,adjective,C2,badjahl va tushkun,желчный,gloomy or bad-tempered,ˌætrəˈbɪliəs,,advanced,The atrabilious manager frightened new staff.,Doim jahldor menejer yangi xodimlarni qo‘rqitdi.,,irritable | gloomy,cheerful | pleasant
auspices,noun,C2,homiylik,покровительство,protection or support from an organisation,ˈɔːspɪsɪz,,advanced,The event ran under the auspices of UNESCO.,Tadbir UNESCO homiyligi ostida o‘tdi.,,patronage | support,opposition | neglect
autocrat,noun,C1,mustabid rahbar,автократ,a ruler with unlimited power,ˈɔːtəkræt,,advanced,The autocrat banned public criticism.,Mustabid rahbar jamoat tanqidini taqiqladi.,,dictator | tyrant,democrat | reformer
badinage,noun,C2,yengil hazil,шутливая болтовня,playful conversation or teasing,ˈbædɪnɑːʒ,,advanced,Their badinage made the dinner lively.,Ularning yengil hazili kechki ovqatni jonlantirdi.,,banter | teasing,seriousness | silence
baleful,adjective,C2,xatarli,зловещий,threatening harm or evil,ˈbeɪlfʊl,,advanced,He gave a baleful stare.,U xatarli qarash tashladi.,,menacing | sinister,kind | harmless
bantam,adjective,C2,kichkina ammo jangovar,маленький но бойкий,small but aggressive or energetic,ˈbæntəm,,advanced,The bantam boxer surprised everyone.,Kichkina ammo jangovar bokschi hammani hayratga soldi.,,small | feisty,large | timid
beatific,adjective,C2,baxtiyor va sokin,блаженный,showing calm happiness,ˌbiːəˈtɪfɪk,,advanced,She wore a beatific smile.,U baxtiyor va sokin tabassum qildi.,,blissful | serene,miserable | angry
bedlam,noun,C1,to‘s-to‘polon,суматоха,a scene of noise and confusion,ˈbedləm,,advanced,The classroom became bedlam after lunch.,Tushlikdan keyin sinf to‘s to‘polonga aylandi.,,chaos | uproar,order | calm
beguile,verb,C2,maftun etmoq,очаровать,to charm or trick someone,bɪˈɡaɪl,,advanced,The story can beguile young readers.,Hikoya yosh o‘quvchilarni maftun etishi mumkin.,,charm | deceive,repel | bore
beneficent,adjective,C2,ezgulik qiluvchi,благотворный,doing good or helping others,bɪˈnefɪsənt,,advanced,The beneficent policy helped poor families.,Ezgulik qiluvchi siyosat kambag‘al oilalarga yordam berdi.,,kind | charitable,harmful | cruel
benighted,adjective,C2,jaholatda qolgan,невежественный,lacking knowledge or enlightenment,bɪˈnaɪtɪd,,advanced,The benighted village lacked basic schools.,Johil qolgan qishloqda oddiy maktablar ham yo‘q edi.,,ignorant | backward,enlightened | educated
bereft,adjective,C1,mahrum qolgan,лишенный,deprived of something important,bɪˈreft,,advanced,The town was bereft of hope.,Shahar umiddan mahrum qolgan edi.,,deprived | lacking,filled | supplied
besmirch,verb,C2,nomini bulg‘amoq,запятнать,to damage someone’s reputation,bɪˈsmɜːtʃ,,advanced,The scandal could besmirch the brand.,Mojaro brend nomini bulg‘ashi mumkin.,,tarnish | stain,honour | cleanse
bilious,adjective,C2,jahldor va yoqimsiz,желчный,bad tempered or unpleasant,ˈbɪliəs,,advanced,His bilious remarks annoyed the guests.,Uning jahldor va yoqimsiz gaplari mehmonlarni ranjitdi.,,irritable | bitter,pleasant | cheerful
blandishment,noun,C2,xushomad,лесть,flattering words used to persuade,ˈblændɪʃmənt,,advanced,She ignored every blandishment from the salesman.,U sotuvchining har bir xushomadini e’tiborsiz qoldirdi.,,flattery | coaxing,criticism | insult
bode,verb,C2,darak bermoq,предвещать,to be a sign of future events,bəʊd,,advanced,Dark clouds bode heavy rain.,Qora bulutlar kuchli yomg‘irdan darak beradi.,,foretell | indicate,hide | mislead
boorish,adjective,C1,qo‘pol,грубый,rude and socially unpleasant,ˈbʊərɪʃ,,advanced,His boorish joke offended everyone.,Uning qo‘pol hazili hammani ranjitdi.,,rude | crude,polite | refined
bovine,adjective,C2,sust va fahmsiz,туповатый,"slow, dull, or cow-like in manner",ˈbəʊvaɪn,,advanced,He answered with a bovine stare.,U lanj va sust qarash bilan javob berdi.,,dull | slow,alert | sharp
brackish,adjective,C2,sho‘rroq,солоноватый,slightly salty,ˈbrækɪʃ,,advanced,The well water tasted brackish.,Quduq suvi sho‘rroq ta’m berdi.,,salty | saline,fresh | sweet
bravado,noun,C1,soxta dadillik,бравада,false confidence meant to impress,brəˈvɑːdəʊ,,advanced,His bravado faded during the crisis.,Inqiroz paytida uning soxta jasorati yo‘qoldi.,,swagger | bluster,fear | modesty
broach,verb,C2,mavzuni ochmoq,затронуть тему,to begin discussing a difficult topic,brəʊtʃ,,advanced,She hesitated to broach the salary issue.,U maosh masalasini ochishga ikkilanib turdi.,,raise | introduce,avoid | drop
brusque,adjective,C1,qisqa va qo‘pol,резкий,quick and rude in speech,bruːsk,,advanced,The clerk gave a brusque reply.,Xodim qisqa va qo‘pol javob berdi.,,curt | abrupt,polite | gentle
bucolic,adjective,C2,qishloqona sokin,сельский,pleasantly rural,bjuːˈkɒlɪk,,advanced,They enjoyed the bucolic scenery.,Ular qishloqona sokin manzaradan zavq olishdi.,,rural | pastoral,urban | industrial
cabal,noun,C2,maxfiy guruh,тайная группа,a secret group with political aims,kəˈbæl,,advanced,A cabal tried to influence the vote.,Maxfiy guruh ovoz berishga ta’sir qilmoqchi bo‘ldi.,,clique | faction,public | majority
cachet,noun,C2,nufuz belgisi,престиж,a mark of prestige or quality,ˈkæʃeɪ,,advanced,The award gave the school cachet.,Mukofot maktabga obro‘ belgisi berdi.,,prestige | status,disgrace | shame
cadge,verb,C2,tilanib olmoq,выклянчивать,to get something by asking without paying,kædʒ,,advanced,He tried to cadge a free ticket.,U bepul chipta tilanib olishga urindi.,,beg | sponge,pay | earn
celerity,noun,C2,tezkorlik,быстрота,great speed in action,səˈlerəti,,advanced,The team responded with celerity.,Jamoa tezkorlik bilan javob berdi.,,speed | swiftness,slowness | delay
censorious,adjective,C2,tanqidgo‘y,критиканский,often strongly critical,senˈsɔːriəs,,advanced,Her censorious tone discouraged debate.,Uning tanqidgo‘y ohangi bahsni susaytirdi.,,critical | faultfinding,approving | tolerant
chastise,verb,C2,koyimoq,отчитывать,to criticise or punish someone,tʃæˈstaɪz,,advanced,The editor will chastise careless writers.,Muharrir beparvo yozuvchilarni koyiydi.,,rebuke | scold,praise | reward
chauvinist,noun,C1,o‘z guruhini ko‘r-ko‘rona ustun deb biluvchi,шовинист,a person who aggressively believes their group is superior,ˈʃəʊvɪnɪst,,advanced,The chauvinist refused to respect other cultures.,Shovinist boshqa madaniyatlarni hurmat qilishdan bosh tortdi.,,bigot | nationalist,egalitarian | liberal
circumlocution,noun,C2,aylanma gapirish,окольная речь,using more words than necessary to avoid speaking directly,ˌsɜːkəmləˈkjuːʃən,,advanced,His circumlocution hid the real answer.,Uning aylanma gapi haqiqiy javobni yashirdi.,,wordiness | evasion,directness | brevity
cloying,adjective,C2,me’daga tegadigan darajada shirin,приторный,too sweet or sentimental,ˈklɔɪɪŋ,,advanced,The cloying song soon became annoying.,Me’daga tegadigan darajada shirin qo‘shiq tezda bezor qildi.,,sugary | excessive,subtle | restrained
coalesce,verb,C2,birlashmoq,сливаться,to come together into one,kəʊəˈles,,advanced,Several groups may coalesce after the election.,Saylovdan keyin bir nechta guruh birlashishi mumkin.,,merge | unite,separate | split
codify,verb,C1,qonunlashtirib tizimlash,кодифицировать,to arrange rules into a system,ˈkəʊdɪfaɪ,,advanced,The ministry will codify the new standards.,Vazirlik yangi standartlarni tizimlashtiradi.,,systematise | organise,scatter | confuse
collusion,noun,C2,til biriktirish,сговор,secret cooperation for dishonest purposes,kəˈluːʒən,,advanced,The firms denied collusion on prices.,Kompaniyalar narx bo‘yicha til biriktirishni rad etdi.,,conspiracy | complicity,independence | honesty
combustible,adjective,C1,yonuvchan,горючий,able to catch fire,kəmˈbʌstəbl,,advanced,Keep combustible materials away from heat.,Yonuvchan materiallarni issiqdan uzoq tuting.,,flammable | burnable,fireproof | safe
complaisant,adjective,C2,ortiqcha ko‘nuvchan,услужливый,willing to please others too easily,kəmˈpleɪzənt,,advanced,The complaisant assistant never questioned orders.,Ortiqcha ko‘nuvchan yordamchi buyruqlarni hech so‘ramadi.,,obliging | compliant,defiant | stubborn
concatenate,verb,C2,zanjir qilib ulash,сцеплять,to link things together in a series,kənˈkætəneɪt,,advanced,The program will concatenate several files.,Dastur bir nechta faylni zanjir qilib ulaydi.,,link | join,separate | split
confluent,adjective,C2,qo‘shilib oqadigan,сливающийся,flowing together or merging,ˈkɒnfluənt,,advanced,The confluent streams formed a river.,Qo‘shilib oqadigan irmoqlar daryoga aylandi.,,merging | joining,separate | divided
conjugal,adjective,C2,nikohga oid,супружеский,related to marriage,ˈkɒndʒʊɡəl,,advanced,They discussed conjugal rights in court.,Ular sudda nikohga oid huquqlarni muhokama qildi.,,marital | spousal,single | unmarried
connivance,noun,C2,yashirin rozilik,попустительство,secret approval of wrongdoing,kəˈnaɪvəns,,advanced,The fraud continued through official connivance.,Firibgarlik rasmiy yashirin rozilik bilan davom etdi.,,complicity | collusion,opposition | prevention
consanguinity,noun,C2,qon-qarindoshlik,кровное родство,relationship by blood,ˌkɒnsæŋˈɡwɪnəti,,advanced,The law considers consanguinity in inheritance cases.,Qonun meros ishlarida qon qarindoshlikni hisobga oladi.,,kinship | blood relation,unrelatedness | distance
consonant,adjective,C2,mos keladigan,согласующийся,in agreement with something,ˈkɒnsənənt,,advanced,The decision is consonant with our values.,Qaror qadriyatlarimizga mos keladi.,,consistent | compatible,conflicting | contrary
construe,verb,C2,talqin qilmoq,истолковывать,to understand or interpret meaning,kənˈstruː,,advanced,Do not construe silence as agreement.,Sukutni rozilik deb talqin qilmang.,,interpret | understand,misread | ignore
contiguous,adjective,C2,yonma-yon,смежный,touching or next to something,kənˈtɪɡjuəs,,advanced,The company bought contiguous land.,Kompaniya yonma yon yer sotib oldi.,,adjacent | neighbouring,separate | distant
contrition,noun,C2,chin pushaymonlik,раскаяние,deep regret for wrongdoing,kənˈtrɪʃən,,advanced,His contrition seemed sincere.,Uning chin pushaymonligi samimiy ko‘rindi.,,remorse | repentance,defiance | pride
coquette,noun,C2,noz-karashma qiluvchi ayol,кокетка,a woman who flirts playfully,kɒˈket,,advanced,The coquette smiled across the room.,Noz karashma qiluvchi ayol xona narisidan tabassum qildi.,,flirt | tease,prude | recluse
curmudgeon,noun,C2,jizzaki odam,брюзга,a bad-tempered person,kəˈmʌdʒən,,advanced,The curmudgeon complained about every noise.,Jizzaki qariya har bir shovqindan nolidi.,,grumbler | grouch,optimist | charmer
decamp,verb,C2,tez ketib qolmoq,сбежать,to leave suddenly and secretly,dɪˈkæmp,,advanced,The guests decided to decamp before dawn.,Mehmonlar tongdan oldin tez ketib qolishga qaror qildi.,,flee | depart,stay | remain
decorum,noun,C2,odob,приличие,proper polite behaviour,dɪˈkɔːrəm,,advanced,The ceremony required strict decorum.,Marosim qat’iy odobni talab qildi.,,propriety | dignity,rudeness | chaos
deft,adjective,C1,epchil,ловкий,skilful and quick,deft,,advanced,Her deft handling of data impressed us.,Uning ma’lumotni epchil boshqarishi bizni qoyil qoldirdi.,,skilful | nimble,clumsy | awkward
deluge,noun,C1,sel; juda katta oqim,поток,a sudden and very large amount of something,ˈdeljuːdʒ,,advanced,The office received a deluge of emails.,Ofis juda ko‘p miqdordagi email oqimini oldi.,,flood | torrent,trickle | shortage
demotic,adjective,C2,oddiy xalq tilidagi,народный,used by ordinary people,dɪˈmɒtɪk,,advanced,The writer preferred demotic language.,Yozuvchi oddiy xalq tilidagi uslubni afzal ko‘rdi.,,popular | vernacular,elite | formal
deprecate,verb,C2,qoralamoq,осуждать,to express disapproval of something,ˈdeprəkeɪt,,advanced,Experts deprecate careless data use.,Mutaxassislar ma’lumotdan beparvo foydalanishni qoralaydi.,,disapprove | criticise,praise | endorse
derogate,verb,C2,qadrini pasaytirmoq,умалять,to reduce value or dignity,ˈderəɡeɪt,,advanced,Do not derogate the work of volunteers.,Ko‘ngillilar mehnatini kamsitmang.,,belittle | diminish,honour | elevate
desideratum,noun,C2,juda kerakli yoki istalgan narsa,необходимое условие,something that is greatly needed or wanted,dɪˌzɪdəˈrɑːtəm,,advanced,Transparency is a desideratum in reform.,Shaffoflik islohotda zarur narsadir.,,requirement | necessity,extra | luxury
deterrent,noun,C1,to‘xtatuvchi omil,сдерживающий фактор,something that discourages action,dɪˈterənt,,advanced,High fines act as a deterrent.,Katta jarimalar to‘xtatuvchi omil bo‘lib xizmat qiladi.,,discouragement | obstacle,incentive | attraction
diaphanous,adjective,C2,juda yupqa va shaffof,прозрачный,light and almost transparent,daɪˈæfənəs,,advanced,She wore a diaphanous scarf.,U juda yupqa va shaffof sharf taqdi.,,sheer | translucent,opaque | thick
diffident,adjective,C2,o‘ziga ishonchi past,застенчивый,shy and lacking confidence,ˈdɪfɪdənt,,advanced,The diffident student spoke softly.,O‘ziga ishonchi past talaba sekin gapirdi.,,shy | timid,confident | bold
dilettante,noun,C2,havaskor yuzaki odam,дилетант,a person with a superficial interest,dɪləˈtænti,,advanced,He sounded like a dilettante in economics.,U iqtisodda havaskor yuzaki odamdek eshitildi.,,amateur | dabbler,expert | professional
dirge,noun,C2,motam qo‘shig‘i,погребальная песнь,a slow sad song,dɜːdʒ,,advanced,The choir sang a dirge at the memorial.,Xor xotira marosimida motam qo‘shig‘i aytdi.,,lament | elegy,anthem | celebration
discomfit,verb,C2,uyaltirib noqulay ahvolga solmoq,смущать,to embarrass or confuse someone,dɪsˈkʌmfɪt,,advanced,The question seemed to discomfit him.,Savol uni noqulay ahvolga solgandek ko‘rindi.,,embarrass | unsettle,comfort | reassure
disconsolate,adjective,C2,taskin topmas g‘amgin,безутешный,extremely sad and unable to be comforted,dɪsˈkɒnsələt,,advanced,She looked disconsolate after the loss.,Mag‘lubiyatdan keyin u taskin topmas g‘amgin ko‘rindi.,,heartbroken | miserable,cheerful | comforted
discursive,adjective,C2,mavzudan mavzuga o‘tuvchi,беспорядочный,moving from one topic to another,dɪsˈkɜːsɪv,,advanced,His discursive lecture confused students.,Uning mavzudan mavzuga o‘tadigan ma’ruzasi talabalarni chalg‘itdi.,,rambling | wandering,focused | concise
disinterested,adjective,C1,beg‘araz,беспристрастный,not influenced by personal gain,dɪsˈɪntrəstɪd,,advanced,A judge must be disinterested.,Sudya beg‘araz bo‘lishi kerak.,,impartial | neutral,biased | selfish
disquiet,noun,C2,bezovtalik,тревога,a feeling of worry,dɪsˈkwaɪət,,advanced,The announcement caused public disquiet.,E’lon jamoatchilikda bezovtalik keltirdi.,,anxiety | unease,calm | comfort
distend,verb,C2,shishib kengaytirmoq,раздувать,to swell or stretch outward,dɪˈstend,,advanced,Gas can distend the stomach.,Gaz oshqozonni shishirishi mumkin.,,swell | expand,shrink | contract
dithyramb,noun,C2,jo‘shqin maqtov nutqi,восторженная речь,a wildly enthusiastic speech or poem,ˈdɪθɪræm,,advanced,The review became a dithyramb for the actor.,Sharh aktyor uchun jo‘shqin maqtov nutqiga aylandi.,,panegyric | praise,criticism | attack
doctrinaire,adjective,C2,nazariyaga ko‘r-ko‘rona yopishgan,доктринерский,rigidly following theory,ˌdɒktrɪˈneə,,advanced,His doctrinaire approach ignored reality.,Uning qotib qolgan nazariy yondashuvi haqiqatni e’tiborsiz qoldirdi.,,rigid | dogmatic,practical | flexible
doggerel,noun,C2,saviyasi past she’r,плохие стихи,badly written poetry,ˈdɒɡərəl,,advanced,The leaflet was full of doggerel.,Varaqcha qo‘pol she’rlar bilan to‘la edi.,,bad verse | rhyme,poetry | art
droll,adjective,C2,kulgili g‘alati,забавный,amusing in an unusual way,drəʊl,,advanced,He told a droll story about school.,U maktab haqida kulgili g‘alati hikoya aytdi.,,witty | amusing,dull | serious
dulcet,adjective,C2,yoqimli mayin,сладкозвучный,sweet and pleasant to hear,ˈdʌlsɪt,,advanced,Her dulcet voice calmed the audience.,Uning yoqimli mayin ovozi tinglovchilarni tinchlantirdi.,,melodious | sweet,harsh | grating
ebullient,adjective,C2,jo‘shqin quvnoq,кипучий,full of energy and happiness,ɪˈbʌliənt,,advanced,The ebullient host welcomed everyone.,Jo‘shqin quvnoq mezbon hammaga xush kelibsiz dedi.,,exuberant | lively,gloomy | subdued
ecumenical,adjective,C2,keng qamrovli diniy,экуменический,involving many Christian churches,ˌiːkjʊˈmenɪkəl,,advanced,They held an ecumenical service.,Ular keng qamrovli diniy marosim o‘tkazdi.,,interchurch | universal,narrow | sectarian
effete,adjective,C2,kuchsiz va tanazzulga yuz tutgan,изнеженный,weak or lacking vitality,ɪˈfiːt,,advanced,The critics called the regime effete.,Tanqidchilar rejimni zaiflashgan deb atadi.,,weak | decadent,strong | vigorous
elegiac,adjective,C2,motamsaro,элегический,sad and mournful,ˌelɪˈdʒaɪək,,advanced,The film has an elegiac tone.,Film motamsaro ohangga ega.,,mournful | sorrowful,joyful | cheerful
elide,verb,C2,tushirib qoldirmoq,опускать,to omit something in speech or writing,ɪˈlaɪd,,advanced,The report may elide key facts.,Hisobot muhim faktlarni tushirib qoldirishi mumkin.,,omit | skip,include | state
enjoin,verb,C2,qat’iy buyurmoq,предписывать,to order someone to do something,ɪnˈdʒɔɪn,,advanced,The court can enjoin the company to stop.,Sud kompaniyaga to‘xtashni buyurishi mumkin.,,order | command,allow | permit
entreat,verb,C2,yalinib so‘ramoq,умолять,to ask earnestly or anxiously,ɪnˈtriːt,,advanced,They entreat officials for help.,Ular amaldorlardan yalinib yordam so‘raydi.,,implore | beg,command | refuse
epigram,noun,C2,qisqa kinoyali gap,эпиграмма,a short clever saying,ˈepɪɡræm,,advanced,The article ended with a sharp epigram.,Maqola qisqa kinoyali gap bilan tugadi.,,witticism | saying,ramble | prose
epitaph,noun,C2,qabr yozuvi,эпитафия,words written on a grave,ˈepɪtɑːf,,advanced,The epitaph praised her courage.,Qabr yozuvi uning jasoratini madh etdi.,,inscription | memorial,speech | greeting
epithet,noun,C2,tavsiflovchi nom yoki laqab,эпитет,a descriptive word or phrase,ˈepɪθet,,advanced,The king earned the epithet brave.,Qirol jasur degan tavsiflovchi laqab oldi.,,label | description,name | anonymity
evanescent,adjective,C2,tez yo‘qoladigan,мимолетный,lasting only a short time,ˌiːvəˈnesnt,,advanced,Fame can be evanescent online.,Internetdagi shuhrat tez yo‘qoladigan bo‘lishi mumkin.,,fleeting | transient,lasting | permanent
exacting,adjective,C2,juda talabchan,требовательный,requiring great effort and care,ɪɡˈzæktɪŋ,,advanced,The exacting course improved her discipline.,Juda talabchan kurs uning intizomini oshirdi.,,demanding | strict,easy | lenient
excoriate,verb,C2,qattiq tanqid qilmoq,резко критиковать,to criticise very strongly,ɪkˈskɔːrieɪt,,advanced,Reviewers excoriate the weak script.,Sharhlovchilar zaif ssenariyni qattiq tanqid qiladi.,,condemn | denounce,praise | applaud
exiguous,adjective,C2,nihoyatda oz,скудный,very small in amount,ɪɡˈzɪɡjʊəs,,advanced,They survived on exiguous supplies.,Ular juda oz zaxira bilan yashab qoldi.,,meagre | scant,plentiful | ample
exonerate,verb,C2,oqlamoq,оправдать,to clear someone from blame,ɪɡˈzɒnəreɪt,,advanced,New evidence may exonerate the driver.,Yangi dalil haydovchini oqlashi mumkin.,,clear | acquit,blame | convict
extemporaneous,adjective,C2,tayyorgarliksiz aytilgan,импровизированный,done without preparation,ɪkˌstempəˈreɪniəs,,advanced,He gave an extemporaneous speech.,U tayyorgarliksiz nutq so‘zladi.,,improvised | spontaneous,prepared | rehearsed
extraneous,adjective,C1,ortiqcha aloqasiz,посторонний,not relevant or necessary,ɪkˈstreɪniəs,,advanced,Remove extraneous details from the essay.,Inshodan ortiqcha aloqasiz tafsilotlarni olib tashlang.,,irrelevant | unnecessary,relevant | essential
facetious,adjective,C2,noo‘rin hazilkash,шутливый неуместно,treating serious matters with humour,fəˈsiːʃəs,,advanced,His facetious remark annoyed the judge.,Uning noo‘rin hazilkash gapi sudyani ranjitdi.,,flippant | joking,serious | earnest
farrago,noun,C2,chalkash qorishma,мешанина,a confused mixture of things,fəˈrɑːɡəʊ,,advanced,The speech was a farrago of claims.,Nutq da’volarning aralash chalkashligi edi.,,jumble | mess,order | clarity
fecund,adjective,C2,sermahsul,плодородный,able to produce many ideas or offspring,ˈfekənd,,advanced,Her fecund imagination shaped the novel.,Uning serhosil tasavvuri romanni shakllantirdi.,,fertile | productive,barren | sterile
fetter,verb,C2,cheklamoq,сковывать,to restrict freedom,ˈfetə,,advanced,Old rules fetter new businesses.,Eski qoidalar yangi bizneslarni cheklaydi.,,restrain | restrict,free | release
filibuster,verb,C2,qonunni cho‘zib to‘smoq,флибустьерствовать,to delay a vote by long speech,ˈfɪlɪbʌstə,,advanced,Senators may filibuster the bill.,Senatorlar qonunni cho‘zib to‘sishi mumkin.,,delay | obstruct,advance | approve
fissure,noun,C2,yoriq,трещина,a long narrow crack,ˈfɪʃə,,advanced,A fissure appeared in the wall.,Devorda yoriq paydo bo‘ldi.,,crack | split,seal | closure
flippant,adjective,C1,yengiltak,легкомысленный,not showing proper seriousness,ˈflɪpənt,,advanced,His flippant tone upset the committee.,Uning yengiltak ohangi qo‘mitani ranjitdi.,,frivolous | casual,serious | respectful
foment,verb,C2,qo‘zg‘atmoq,разжигать,to encourage trouble or rebellion,fəʊˈment,,advanced,False news can foment panic.,Yolg‘on xabar vahimani qo‘zg‘atishi mumkin.,,incite | provoke,calm | suppress
forebear,noun,C2,ajdod,предок,a person from whom you are descended,ˈfɔːbeə,,advanced,My forebear lived in this valley.,Mening ajdodim shu vodiyda yashagan.,,ancestor | predecessor,descendant | successor
foreboding,noun,C2,yomon voqea oldidan xavotir,предчувствие,a feeling that something bad will happen,fɔːˈbəʊdɪŋ,,advanced,She felt a strange foreboding before the trip.,U safar oldidan g‘alati yomonlik sezgisini his qildi.,,premonition | dread,confidence | calm
forswear,verb,C2,tark etishga qasam ichmoq,отречься,to promise to give something up,fɔːˈsweə,,advanced,He decided to forswear violence.,U zo‘ravonlikni tark etishga qasam ichdi.,,renounce | reject,embrace | accept
frisson,noun,C2,hayajon titrog‘i,трепет,a sudden strong feeling of excitement,ˈfriːsɒn,,advanced,A frisson ran through the audience.,Tomoshabinlar orasidan hayajon titrog‘i o‘tdi.,,thrill | shiver,calm | dullness
fulminate,verb,C2,g‘azab bilan norozilik bildirmoq,громко осуждать,to protest loudly and angrily,ˈfʊlmɪneɪt,,advanced,Commentators fulminate against the tax rise.,Sharhlovchilar soliq oshishiga g‘azab bilan qarshi chiqadi.,,denounce | thunder,praise | approve
at daggers drawn,idiom,C2,ashaddiy adovatda,на ножах,in a state of bitter hostility,ət ˈdæɡəz drɔːn,,idioms,The two directors are at daggers drawn.,Ikki direktor ashaddiy adovatda.,,hostile | opposed,friendly | allied
at sixes and sevens,idiom,C1,tartibsiz holatda,в беспорядке,in a confused or disorganised state,ət ˈsɪksɪz ənd ˈsevənz,,idioms,The office was at sixes and sevens after the move.,Ko‘chishdan keyin ofis tartibsiz holatda edi.,,confused | chaotic,ordered | organised
beyond the pale,idiom,C2,mutlaqo nomaqbul,за гранью,completely unacceptable,bɪˈjɒnd ðə peɪl,,idioms,His behaviour was beyond the pale.,Uning xatti harakati mutlaqo nomaqbul edi.,,unacceptable | outrageous,acceptable | proper
carry the can,idiom,C2,aybni bo‘yniga olmoq,нести ответственность,to take blame for something,ˈkæri ðə kæn,,idioms,Junior staff should not carry the can alone.,Kichik xodimlar aybni yolg‘iz bo‘yniga olmasligi kerak.,,take blame | answer,avoid blame | escape
cast aspersions,idiom,C2,sha’niga tuhmatli gap aytmoq,бросать тень,to make damaging remarks about someone’s character,kɑːst əˈspɜːʃənz,,idioms,Do not cast aspersions without evidence.,Dalilsiz birovning sha’niga shubha solmang.,,slander | malign,praise | defend
come hell or high water,idiom,C2,nima bo‘lsa ham,во что бы то ни стало,no matter what happens,kʌm hel ɔː haɪ ˈwɔːtə,,idioms,We will finish come hell or high water.,Nima bo‘lsa ham tugatamiz.,,whatever happens | certainly,maybe | conditionally
cut no ice,idiom,C2,ta’sir qilmaslik,не иметь значения,to fail to influence someone,kʌt nəʊ aɪs,,idioms,Excuses cut no ice with the manager.,Bahonalari menejerga ta’sir qilmaydi.,,fail | not persuade,convince | impress
dead in the water,idiom,C2,butunlay ish bermaydigan,мертвый проект,unable to continue,ded ɪn ðə ˈwɔːtə,,idioms,The plan is dead in the water.,Reja endi butunlay ish bermaydi.,,failed | stalled,active | viable
down the line,idiom,B2,keyinchalik,в будущем,later in the future,daʊn ðə laɪn,,idioms,Problems may appear down the line.,Muammolar keyinchalik paydo bo‘lishi mumkin.,,later | eventually,now | immediately
fall through the cracks,idiom,C1,e’tibordan chetda qolmoq,провалиться сквозь щели,to be missed by a system,fɔːl θruː ðə kræks,,idioms,Some students fall through the cracks.,Ba’zi talabalar e’tibordan chetda qoladi.,,be missed | be overlooked,be noticed | be supported
for all intents and purposes,idiom,C1,amalda,по сути,in every practical way,fər ɔːl ɪnˈtents ənd ˈpɜːpəsɪz,,idioms,The project is for all intents and purposes finished.,Loyiha amalda tugagan.,,effectively | practically,theoretically | partly
from pillar to post,idiom,C2,u yoqdan bu yoqqa,от одного к другому,from one place or person to another,frəm ˈpɪlə tə pəʊst,,idioms,They sent us from pillar to post.,Ular bizni u yoqdan bu yoqqa yuborishdi.,,around | everywhere,directly | straight
get short shrift,idiom,C2,e’tiborsiz va tezda rad etilmoq,получить отказ,to receive little attention or sympathy,ɡet ʃɔːt ʃrɪft,,idioms,Their complaint may get short shrift.,Ularning shikoyati e’tiborsiz va tezda rad etilishi mumkin.,,be dismissed | be ignored,be heard | be accepted
give short shrift,idiom,C2,e’tiborsiz rad etmoq,резко отвергнуть,to treat something with little patience,ɡɪv ʃɔːt ʃrɪft,,idioms,The editor will give short shrift to weak claims.,Muharrir zaif da’volarni e’tiborsiz rad etadi.,,dismiss | reject,consider | accept
go cap in hand,idiom,C2,yalinib yordam so‘ramoq,идти с протянутой рукой,to ask humbly for help,ɡəʊ kæp ɪn hænd,,idioms,The club had to go cap in hand to sponsors.,Klub homiylardan yalinib yordam so‘rashga majbur bo‘ldi.,,beg | plead,demand | refuse
go down a treat,idiom,C1,juda yoqmoq,зайти на ура,to be received very well,ɡəʊ daʊn ə triːt,,idioms,The new feature will go down a treat.,Yangi funksiya juda yoqadi.,,delight | please,disappoint | fail
have skin in the game,idiom,C2,shaxsiy manfaat yoki tavakkalga ega bo‘lmoq,иметь личную заинтересованность,to have personal risk or investment,hæv skɪn ɪn ðə ɡeɪm,,idioms,Investors have skin in the game.,Investorlarning bu ishda shaxsiy manfaati va tavakkali bor.,,be invested | be involved,be detached | avoid
hold all the aces,idiom,C2,ustunlikka ega bo‘lmoq,иметь все козыри,to have all advantages,həʊld ɔːl ði ˈeɪsɪz,,idioms,The buyer seems to hold all the aces.,Xaridor barcha ustunliklarga ega ko‘rinadi.,,dominate | control,lose | trail
in clover,idiom,C2,farovon yashayotgan,как сыр в масле,in comfort or luxury,ɪn ˈkləʊvə,,idioms,After the promotion he was in clover.,Lavozim oshgach u farovon yashay boshladi.,,comfortable | prosperous,poor | struggling
in dire straits,idiom,C1,og‘ir ahvolda,в тяжелом положении,in a very difficult situation,ɪn ˈdaɪə streɪts,,idioms,The firm is in dire straits.,Kompaniya og‘ir ahvolda.,,desperate | troubled,secure | stable
in fine fettle,idiom,C2,juda yaxshi holatda,в отличной форме,in very good condition,ɪn faɪn ˈfetl,,idioms,The team is in fine fettle before the final.,Jamoa final oldidan juda yaxshi holatda.,,healthy | fit,unwell | weak
in full swing,idiom,B2,avjida,в самом разгаре,fully active or happening,ɪn fʊl swɪŋ,,idioms,Preparations are in full swing.,Tayyorgarlik avjida.,,active | underway,paused | inactive
in rude health,idiom,C2,juda yaxshi holatda,в полном здравии,"very healthy, strong, or successful",ɪn ruːd helθ,,idioms,The business is in rude health.,Biznes juda yaxshi holatda.,,robust | thriving,weak | failing
keep your powder dry,idiom,C2,"tayyor turib, qulay paytni kutmoq",держать порох сухим,to stay ready and wait for the right moment,kiːp jɔː ˈpaʊdə draɪ,,idioms,We should keep our powder dry until prices fall.,"Narxlar tushguncha tayyor turib, qulay paytni kutishimiz kerak.",,wait | prepare,rush | spend
kick into the long grass,idiom,C2,keyinga surib yubormoq,отложить в долгий ящик,to delay dealing with something,kɪk ˈɪntuː ðə lɒŋ ɡrɑːs,,idioms,They may kick the reform into the long grass.,Ular islohotni keyinga surib yuborishi mumkin.,,postpone | defer,handle | resolve
leave in the lurch,idiom,C1,qiyin paytda tashlab ketmoq,оставить в беде,to abandon someone in trouble,liːv ɪn ðə lɜːtʃ,,idioms,Do not leave your teammates in the lurch.,Jamoangizni qiyin paytda tashlab ketmang.,,abandon | desert,support | help
make heavy weather of,idiom,C2,oson ishni qiyinlashtirmoq,усложнять,to make something seem more difficult,meɪk ˈhevi ˈweðər əv,,idioms,He can make heavy weather of simple tasks.,U oddiy ishlarni ham qiyinlashtirishi mumkin.,,overcomplicate | struggle,simplify | manage
not cut the mustard,idiom,C2,talabga javob bermaslik,не соответствовать,to fail to reach the required standard,nɒt kʌt ðə ˈmʌstəd,,idioms,This draft does not cut the mustard.,Bu qoralama talabga javob bermaydi.,,fail | underperform,succeed | satisfy
on a knife edge,idiom,C2,juda nozik vaziyatda,на грани,in a very uncertain situation,ɒn ə naɪf edʒ,,idioms,The election is on a knife edge.,Saylov juda nozik vaziyatda.,,uncertain | precarious,secure | settled
on tenterhooks,idiom,C2,xavotir bilan intizor kutishda,как на иголках,anxiously waiting,ɒn ˈtentəhʊks,,idioms,We were on tenterhooks before the result.,Natija oldidan xavotir bilan intizor kutdik.,,anxious | tense,calm | relaxed
out of kilter,idiom,C2,izdan chiqqan,не в порядке,not working or feeling right,aʊt əv ˈkɪltə,,idioms,The schedule is out of kilter.,Jadval izdan chiqqan.,,unbalanced | wrong,balanced | normal
pay lip service,idiom,C2,"amal qilmay, og‘izda qo‘llab-quvvatlamoq",отдавать дань на словах,to express support without action,peɪ lɪp ˈsɜːvɪs,,idioms,Many firms pay lip service to ethics.,"Ko‘p kompaniyalar etikani amalda emas, faqat og‘izda qo‘llab-quvvatlaydi.",,pretend | feign,act | commit
play second fiddle,idiom,C2,ikkinchi darajada bo‘lmoq,играть вторую скрипку,to have a less important role,pleɪ ˈsekənd ˈfɪdl,,idioms,He hates to play second fiddle.,U ikkinchi darajada bo‘lishni yomon ko‘radi.,,support | follow,lead | dominate
pull out all the stops,idiom,C1,bor kuchini ishga solmoq,сделать все возможное,to make every possible effort,pʊl aʊt ɔːl ðə stɒps,,idioms,We must pull out all the stops today.,Bugun bor kuchimizni ishga solishimiz kerak.,,strive | maximise,slack | neglect
put through the wringer,idiom,C2,qattiq sinovdan o‘tkazmoq,пропустить через мясорубку,to put someone through hardship,pʊt θruː ðə ˈrɪŋə,,idioms,The interview put every candidate through the wringer.,Suhbat har bir nomzodni qattiq sinovdan o‘tkazdi.,,test | exhaust,comfort | spare
ride roughshod over,idiom,C2,boshqalarning huquqini qo‘pol ravishda mensimaslik,попирать,to ignore others harshly,raɪd ˈrʌfʃɒd ˈəʊvə,,idioms,They cannot ride roughshod over local rights.,Ular mahalliy huquqlarni qo‘pol ravishda mensimasligi mumkin emas.,,trample | disregard,respect | protect
run a tight ship,idiom,C1,ishni qattiq tartibda boshqarmoq,держать строгий порядок,to manage very efficiently,rʌn ə taɪt ʃɪp,,idioms,The principal can run a tight ship.,Direktor ishni qattiq tartibda boshqara oladi.,,manage | control,mismanage | neglect
see the writing on the wall,idiom,C2,xavf belgilarini ko‘rmoq,видеть тревожные знаки,to notice signs of future trouble,siː ðə ˈraɪtɪŋ ɒn ðə wɔːl,,idioms,Investors see the writing on the wall.,Investorlar xavf belgilarini ko‘rmoqda.,,foresee | notice,ignore | miss
set great store by,idiom,C2,juda qadrlamoq,придавать большое значение,to value something highly,set ɡreɪt stɔː baɪ,,idioms,She sets great store by honesty.,U halollikni juda qadrlaydi.,,value | prize,disregard | scorn
sing from the same hymn sheet,idiom,C2,bir xil pozitsiyada gapirmoq,петь с одного листа,to say the same thing as a group,sɪŋ frəm ðə seɪm hɪm ʃiːt,,idioms,The team must sing from the same hymn sheet.,Jamoa bir xil pozitsiyada gapirishi kerak.,,agree | align,conflict | disagree
take a dim view of,idiom,C2,yomon qaramoq,не одобрять,to disapprove of something,teɪk ə dɪm vjuː əv,,idioms,The board will take a dim view of delays.,Kengash kechikishlarga yomon qaraydi.,,disapprove | condemn,approve | welcome
take the wind out of your sails,idiom,C2,ruhini tushirmoq,выбить почву из под ног,to reduce confidence or enthusiasm,teɪk ðə wɪnd aʊt əv jɔː seɪlz,,idioms,The criticism may take the wind out of your sails.,Tanqid ruhingizni tushirishi mumkin.,,discourage | deflate,encourage | inspire
toe the line,idiom,C1,qoidaga bo‘ysunmoq,следовать линии,to obey rules or policy,təʊ ðə laɪn,,idioms,Employees must toe the line at work.,Xodimlar ishda qoidaga bo‘ysunishi kerak.,,comply | obey,rebel | resist
turn the tables,idiom,C1,vaziyatni o‘zgartirib ustun bo‘lmoq,перевернуть ситуацию,to reverse a situation in your favour,tɜːn ðə ˈteɪblz,,idioms,The final question helped her turn the tables.,Oxirgi savol unga vaziyatni o‘zgartirib ustun bo‘lishga yordam berdi.,,reverse | outsmart,lose | yield
under the cosh,idiom,C2,kuchli bosim ostida,под давлением,under strong pressure,ˈʌndə ðə kɒʃ,,idioms,The team is under the cosh after two defeats.,Jamoa ikki mag‘lubiyatdan keyin kuchli bosim ostida.,,pressured | stressed,comfortable | relaxed
up the ante,idiom,C2,stavkani yoki talabni oshirmoq,повысить ставки,to increase risk or demand,ʌp ði ˈænti,,idioms,The rival company will up the ante.,Raqib kompaniya talabni oshiradi.,,increase | intensify,lower | reduce
with bells on,idiom,C1,jon deb,с радостью,with great enthusiasm,wɪð belz ɒn,,idioms,I will come with bells on.,Men jon deb kelaman.,,eagerly | gladly,reluctantly | unwillingly
with hindsight,idiom,B2,orqaga qarab baholaganda,задним числом,after thinking about the past,wɪð ˈhaɪndsaɪt,,idioms,With hindsight the decision was risky.,"Orqaga qarab baholaganda, qaror xavfli edi.",,retrospectively | later,immediately | blindly
without batting an eyelid,idiom,C2,qilt etmay,и глазом не моргнув,without showing surprise or concern,wɪˈðaʊt ˈbætɪŋ ən ˈaɪlɪd,,idioms,She accepted the challenge without batting an eyelid.,U qiyinchilikni qilt etmay qabul qildi.,,calmly | unmoved,nervously | anxiously
keep powder dry,idiom,C2,qulay paytni kutmoq,держать порох сухим,to stay ready and wait for the right moment before acting,kiːp ˈpaʊdə draɪ,,idioms,We should keep our powder dry until prices fall.,Narxlar tushguncha qulay paytni kutishimiz kerak.,,wait | prepare | stay ready,rush | act hastily
