headword,pos,cefr_level,translation_uz,translation_ru,definition_en,ipa,frequency_rank,category,example_en,example_uz
aerofoil,noun,C1,"aerofoil, qanot profili",аэродинамический профиль,"A curved surface, such as an aircraft wing, shaped to produce lift as air flows over it.",ˈeərəfɔɪl,,nature,Engineers test each aerofoil shape in a wind tunnel before it is built.,Muhandislar har bir aerofoil shaklini qurishdan oldin shamol tunnelida sinab ko'rishadi.
airflow,noun,B1,havo oqimi,поток воздуха,The movement of air through or around an object or space.,ˈeəfləʊ,,nature,Smooth airflow over the wing reduces drag during flight.,Qanot ustidagi silliq havo oqimi parvoz paytida qarshilikni kamaytiradi.
apron,noun,A2,fartuk,фартук,A protective garment worn over the front of the body to keep clothes clean while working.,ˈeɪprən,,clothes,Participants in the art club should bring an old shirt or apron.,San'at to'garagi ishtirokchilari eski ko'ylak yoki fartuk olib kelishlari kerak.
bio,noun,B1,"tarjimai hol, bio",биография,A short written account of a person's life and background.,ˈbaɪəʊ,,people-family,Add a short bio and a recent photo to your profile.,Profilingizga qisqa tarjimai hol va so'nggi rasm qo'shing.
compostable,adjective,B2,kompostga aylanadigan,компостируемый,Able to decay naturally and turn into compost rather than staying as waste.,kəmˈpəʊstəbl,,nature,The packaging is fully compostable and breaks down within weeks.,Qadoqlash to'liq kompostga aylanadigan va bir necha hafta ichida parchalanadi.
contradiction,noun,B2,"ziddiyat, qarama-qarshilik",противоречие,A situation in which two facts or statements cannot both be true.,ˌkɒntrəˈdɪkʃn,,describing,Separate contradiction from information the passage never states.,Ziddiyatni matnda umuman aytilmagan ma'lumotdan ajrating.
conversational,adjective,B1,suhbat uslubidagi,разговорный,Relating to informal talk or spoken conversation rather than formal writing.,ˌkɒnvəˈseɪʃənl,,school,The centre offers conversational English classes for beginners.,Markaz boshlang'ich darajadagilar uchun suhbat uslubidagi ingliz tili darslarini taklif etadi.
courtyard,noun,B1,hovli,двор,"An open space enclosed by walls or buildings, often in the middle of a building.",ˈkɔːtjɑːd,,places,Clay panels were fitted around the courtyard to keep it cooler in summer.,Yozda hovlini salqin saqlash uchun uning atrofiga loy panellar o'rnatildi.
decisive,adjective,B2,hal qiluvchi,решающий,Having great importance in determining the result of something.,dɪˈsaɪsɪv,,describing,"For wider adoption, careful preparation appears to be decisive.",Kengroq qo'llash uchun sinchkovlik bilan tayyorgarlik hal qiluvchi ahamiyatga ega.
dense,adjective,B1,"zich, quyuq",плотный,Having parts or units crowded closely together.,dens,,describing,Planted roofs make dense cities more resilient to heat and storms.,Ekilgan tomlar zich shaharlarni issiqlik va bo'ronlarga chidamliroq qiladi.
dependable,adjective,B2,ishonchli,надёжный,Able to be trusted or relied on.,dɪˈpendəbl,,describing,The system needs a dependable water supply to work well.,Tizim yaxshi ishlashi uchun ishonchli suv ta'minoti kerak.
disagreement,noun,B1,kelishmovchilik,разногласие,A situation in which people have different opinions about something.,ˌdɪsəˈɡriːmənt,,feelings,There was some disagreement among residents about the new plan.,Yangi reja bo'yicha aholi orasida ba'zi kelishmovchiliklar bo'ldi.
durability,noun,B2,"chidamlilik, bardoshlilik",долговечность,The quality of being able to last a long time without being damaged.,ˌdjʊərəˈbɪləti,,describing,Modern materials have improved the durability of planted roofs.,Zamonaviy materiallar ekilgan tomlarning chidamliligini oshirdi.
edible,adjective,B1,yeyish mumkin bo'lgan,съедобный,Safe and suitable to be eaten.,ˈedəbl,,food-drink,Some rooftop gardens now grow edible plants for local kitchens.,Ba'zi tom bog'lari endi mahalliy oshxonalar uchun yeyish mumkin bo'lgan o'simliklar yetishtiradi.
farmland,noun,B1,dehqonchilik yeri,сельхозугодья,Land that is used or suitable for farming.,ˈfɑːmlænd,,nature,The seed vault protects crop varieties from farmland around the world.,Urug' ombori dunyoning turli dehqonchilik yerlaridagi ekin navlarini himoya qiladi.
fungus,noun,B2,zamburug',"гриб, грибок","A living organism, such as a mould or mushroom, that feeds on organic matter.",ˈfʌŋɡəs,,nature,Fungal packaging is grown from fungus and waste plant fibre.,Zamburug'li qadoqlash zamburug' va o'simlik chiqindisi tolasidan o'stiriladi.
healthy,adjective,A2,sog'lom,здоровый,Having or showing good physical or mental condition.,ˈhelθi,,body-health,Healthier soil helps plants survive longer periods without rain.,Sog'lomroq tuproq o'simliklarga yomg'irsiz uzoqroq davrga bardosh berishga yordam beradi.
insect,noun,A2,hasharot,насекомое,"A small creature with six legs and usually wings, such as a bee or ant.",ˈɪnsekt,,animals,Wildflowers on the roof attract useful insects such as bees.,Tomdagi yovvoyi gullar asalari kabi foydali hasharotlarni jalb qiladi.
mastery,noun,B2,mukammal egallash,мастерство,Complete knowledge or skill in a subject or activity.,ˈmɑːstəri,,school,Regular review builds real mastery of new vocabulary over time.,Muntazam takrorlash vaqt o'tishi bilan yangi so'zlarni mukammal egallashga olib keladi.
migratory,adjective,C1,ko'chib yuruvchi,"перелётный, мигрирующий","Regularly moving from one region or climate to another, especially with the seasons.",ˈmaɪɡrətri,,animals,Restored urban streams give migratory birds a place to rest.,Tiklangan shahar soylari ko'chib yuruvchi qushlarga dam olish joyini beradi.
mislead,verb,B2,"chalg'itmoq, aldamoq",вводить в заблуждение,To make someone believe something that is not true.,ˌmɪsˈliːd,,actions,A single successful test can mislead readers about long-term reliability.,Bitta muvaffaqiyatli sinov o'quvchilarni uzoq muddatli ishonchlilik haqida chalg'itishi mumkin.
misleading,adjective,B2,"chalg'ituvchi, noto'g'ri taassurot qoldiruvchi",вводящий в заблуждение,Giving the wrong idea or impression about something.,ˌmɪsˈliːdɪŋ,,describing,A short trial can be misleading if conditions later change.,"Sharoitlar keyinchalik o'zgarsa, qisqa sinov chalg'ituvchi bo'lishi mumkin."
modest,adjective,B2,"kamtarona, o'rtacha",скромный,Not very large in size or amount.,ˈmɒdɪst,,describing,Insulation from the layers provides only a modest benefit in winter.,Qatlamlardan olinadigan issiqlik izolyatsiyasi qishda faqat o'rtacha foyda beradi.
multispectral,adjective,C1,ko'p spektrli,мультиспектральный,Using or recording several different bands of light or radiation at once.,ˌmʌltiˈspektrəl,,nature,Multispectral cameras reveal plant stress invisible to the human eye.,Ko'p spektrli kameralar inson ko'ziga ko'rinmaydigan o'simlik stressini aniqlaydi.
mussel,noun,B1,midiya,мидия,A small shellfish with a dark shell that lives in rivers or the sea.,ˈmʌsl,,food-drink,Freshwater mussels are early indicators of river water quality.,Chuchuk suv midiyalari daryo suvi sifatining erta ko'rsatkichidir.
noticeboard,noun,A2,e'lonlar taxtasi,доска объявлений,A board fixed to a wall where public notices or messages are displayed.,ˈnəʊtɪsbɔːd,,places,Class times are posted on the noticeboard by the main entrance.,Dars vaqtlari asosiy kirish qismidagi e'lonlar taxtasiga joylashtirilgan.
observatory,noun,B2,"observatoriya, kuzatuv shohobchasi",обсерватория,"A building with equipment for observing stars, weather, or other natural events.",əbˈzɜːvətri,,places,The observatory shares its bird count data with citizen scientists.,Observatoriya o'z qushlarni hisoblash ma'lumotlarini fuqarolik olimlari bilan baham ko'radi.
organise,verb,A2,tashkil qilmoq,организовывать,To arrange or plan something in a systematic way.,ˈɔːɡənaɪz,,actions,Volunteers organise weekend surveys of local wildlife.,Ko'ngillilar mahalliy yovvoyi tabiat bo'yicha dam olish kunlari so'rovlarini tashkil qilishadi.
pollinator,noun,B2,changlatuvchi,опылитель,"An insect or animal that carries pollen from one flower to another, helping plants reproduce.",ˈpɒlɪneɪtə,,animals,Rooftop flowers give pollinators a place to feed in the city centre.,Tomdagi gullar shahar markazida changlatuvchilarga oziqlanish joyini beradi.
premature,adjective,B2,"muddatidan oldingi, shoshilinch",преждевременный,Happening or done before the usual or proper time.,ˌpremətʃʊə,,describing,It would be premature to call the pilot project a full success.,Pilot loyihani to'liq muvaffaqiyat deb atash muddatidan oldin bo'lardi.
rainfall,noun,B1,yog'ingarchilik,"осадки, количество дождя",The amount of rain that falls in a particular place over a period of time.,ˈreɪnfɔːl,,nature,A planted roof absorbs a proportion of heavy rainfall.,Ekilgan tom kuchli yog'ingarchilikning bir qismini shimib oladi.
rainwater,noun,A2,yomg'ir suvi,дождевая вода,Water that has fallen as rain and been collected.,ˈreɪnwɔːtə,,nature,Rainwater collected from the roof is used to water the garden.,Tomdan yig'ilgan yomg'ir suvi bog'ni sug'orish uchun ishlatiladi.
run,verb,A1,yugurmoq; davom etmoq (loyiha haqida),бежать; продолжаться (о проекте),"To operate or continue over a period of time, or to move quickly on foot.",rʌn,,actions,The best results have come from projects that ran long enough to observe a full seasonal cycle.,Eng yaxshi natijalar to'liq mavsumiy davrni kuzatish uchun yetarlicha davom etgan loyihalardan kelib chiqdi.
redesign,verb,B2,qayta loyihalashtirmoq,"переделывать, редизайн",To design something again in a different way in order to improve it.,ˌriːdɪˈzaɪn,,actions,Civic learning spaces are being redesigned rather than replaced.,Fuqarolik ta'lim maskanlari almashtirilmasdan qayta loyihalashtirilmoqda.
refundable,adjective,B2,qaytariladigan (pul haqida),возвращаемый (о деньгах),"If money is refundable, it can be given back if you are not satisfied or change your plans.",riːˈfʌndəbl,,work,Booking fees for the class are not refundable after the session starts.,Dars boshlangandan keyin bron qilish to'lovi qaytarilmaydi.
repeatedly,adverb,B1,qayta-qayta,неоднократно,Happening or done many times in a row.,rɪˈpiːtɪdli,,describing,The same materials were tested repeatedly under different weather conditions.,Bir xil materiallar turli ob-havo sharoitlarida qayta-qayta sinovdan o'tkazildi.
residue,noun,B2,qoldiq,остаток,A small amount of something that remains after the main part has gone or been used.,ˈrezɪdjuː,,nature,Fungal packaging turns agricultural residue into a useful material.,Zamburug'li qadoqlash qishloq xo'jaligi qoldiqlarini foydali materialga aylantiradi.
resilience,noun,B2,"chidamlilik, bardoshlilik","устойчивость, жизнестойкость",The ability of something or someone to recover quickly after difficulty or damage.,rɪˈzɪliəns,,describing,Planted roofs can make dense cities more resilient to heat and storms.,Ekilgan tomlar zich shaharlarni issiqlik va bo'ronlarga chidamliroq qilishi mumkin.
roughness,noun,B2,g'adir-budurlik,шероховатость,The quality of having an uneven or rough surface.,ˈrʌfnəs,,describing,Sensors record how lift changes as the roughness of the surface is altered.,Sensorlar sirt g'adir-budurligi o'zgarganda ko'tarilish kuchi qanday o'zgarishini qayd etadi.
seed,noun,A1,urug',семя,The small part of a plant from which a new plant can grow.,siːd,,nature,The seed vault protects crop varieties in case of disaster.,Urug' ombori falokat yuz berganda ekin navlarini himoya qiladi.
shelf,noun,A1,"tokcha, javon",полка,"A flat board fixed to a wall or in a cupboard, used for holding objects.",ʃelf,,home,Rows of shelves once occupied most of the library's floor area.,Bir vaqtlar kutubxonaning katta qismini tokcha qatorlari egallagan edi.
shrub,noun,B1,buta,куст,"A woody plant smaller than a tree, often with several stems growing from the base.",ʃrʌb,,nature,Low shrubs were planted along the restored stream bank.,Tiklangan soy qirg'og'i bo'ylab past butalar ekildi.
site,noun,A2,"joy, hudud","место, участок",A place where something is located or where an activity happens.,saɪt,,places,The findings refer to conditions at one particular site.,Topilmalar faqat bitta ma'lum joydagi sharoitlarga tegishli.
synonym,noun,B2,sinonim,синоним,A word that has the same or nearly the same meaning as another word.,ˈsɪnənɪm,,school,Scan for synonyms rather than expecting the exact same words.,"Xuddi bir xil so'zlarni emas, balki sinonimlarni qidiring."
turbulence,noun,B2,"turbulentlik, havo notekisligi",турбулентность,Violent or unpredictable movement of air or water.,ˈtɜːbjələns,,nature,The wind tunnel test shows how turbulence forms behind the wing.,Shamol tunneli sinovi qanot orqasida turbulentlik qanday hosil bo'lishini ko'rsatadi.
uncertain,adjective,B1,noaniq,неопределённый,Not known or definite; not sure.,ʌnˈsɜːtn,,describing,The long-term effect of the new material is still uncertain.,Yangi materialning uzoq muddatli ta'siri hali ham noaniq.
underline,verb,A2,tagiga chizmoq; ta'kidlamoq,подчёркивать,"To draw a line under a word or phrase, or to emphasise its importance.",ˌʌndəˈlaɪn,,school,Underline the paragraph's repeated idea before reading the headings.,Sarlavhalarni o'qishdan oldin paragrafda takrorlangan g'oyani tagiga chizing.
uninterrupted,adjective,B2,"uzluksiz, to'xtovsiz",непрерывный,Continuing without any pause or interruption.,ˌʌnɪntəˈrʌptɪd,,describing,The recordings need several hours of uninterrupted quiet.,Yozuvlar bir necha soat uzluksiz sokinlikni talab qiladi.
unreliable,adjective,B1,ishonchsiz,ненадёжный,Not able to be trusted or depended on.,ˌʌnrɪˈlaɪəbl,,describing,A single short test can be an unreliable guide to long-term performance.,Bitta qisqa sinov uzoq muddatli samaradorlik uchun ishonchsiz ko'rsatkich bo'lishi mumkin.
unsuitable,adjective,B1,mos kelmaydigan,неподходящий,Not right or appropriate for a particular purpose or situation.,ʌnˈsuːtəbl,,describing,"Some plants are unsuitable for a shallow, windy rooftop.",Ba'zi o'simliklar sayoz va shamolli tom uchun mos kelmaydi.
ventilation,noun,B2,"shamollatish, ventilyatsiya",вентиляция,The process of allowing fresh air to circulate in a space.,ˌventɪˈleɪʃn,,home,Good ventilation keeps the workspace comfortable in summer.,Yaxshi shamollatish yozda ish maydonini qulay saqlaydi.
viewable,adjective,B1,ko'rish mumkin bo'lgan,доступный для просмотра,Able to be seen or watched.,ˈvjuːəbl,,describing,Restoration work made the early films viewable again.,Tiklash ishlari eski filmlarni yana ko'rish mumkin qildi.
waterway,noun,B1,suv yo'li,водный путь,"A river, canal, or other route by which boats can travel, or through which water flows.",ˈwɔːtəweɪ,,nature,The project restores a hidden urban waterway.,Loyiha yashirin shahar suv yo'lini tiklaydi.
wearable,adjective,B2,kiyib yuriladigan,носимый,"Suitable or comfortable to be worn, or (of technology) designed to be worn on the body.",ˈweərəbl,,clothes,A wearable sensor tracks the volunteer's route during the survey.,Kiyib yuriladigan sensor so'rov davomida ko'ngillining marshrutini kuzatib boradi.
weekday,noun,A1,"ish kuni, hafta kuni",будний день,Any day of the week except Saturday and Sunday.,ˈwiːkdeɪ,,time,Classes run on weekday evenings and one Saturday morning.,Darslar ish kunlari kechqurun va bir shanba kuni ertalab o'tkaziladi.
windy,adjective,A2,shamolli,ветреный,With a lot of wind blowing.,ˈwɪndi,,nature,Rooftop gardens must be planned carefully because the site is windy.,Tom bog'lari hudud shamolli bo'lgani uchun ehtiyotkorlik bilan rejalashtirilishi kerak.
withdraw,verb,B1,"chiqib ketmoq, olib qo'ymoq","отзывать, изымать","To remove something, or to leave a place or activity.",wɪðˈdrɔː,,actions,Funding was withdrawn before the second phase could begin.,Ikkinchi bosqich boshlanishidan oldin moliyalashtirish olib qo'yildi.
workspace,noun,B1,ish joyi,рабочее место,"An area used for working, especially in an office.",ˈwɜːkspeɪs,,work,The centre offers shared workspaces for local freelancers.,Markaz mahalliy frilanserlar uchun umumiy ish joylarini taklif etadi.
